ID,Название товара,Цена товара,Количество товара
23776,"FOXSUR FBC1205D ЗУ для аккум. с крокодилами (12В, 5А)",869.48,878
28099,"FOXSUR FBC122408D ЗУ для аккум. с крокодилами (12-24В, 8А)",1 357.36,502
13434,"Орбита 18650 (1800mA, 3,7В) аккумулятор (УПАКОВКА 2ШТ)",143.22,351
12394,"Орбита 18650 (20А,2000mA,3,7В) аккумулятор (УПАКОВКА 2ШТ)",277.20,1432
6109,"Орбита 18650 (4200mA, 3,7В) аккумулятор (УПАКОВКА 2ШТ)",218.06,0
9667,"Орбита 18650 (4500mA, 3,7В) аккумулятор (УПАКОВКА 2ШТ)",226.38,1371
11290,"Орбита 18650 (5000mA, 3,7В) аккумулятор (УПАКОВКА 2ШТ)",270.73,4458
13925,"Орбита 18650 (5200mA, 3,7В) аккумулятор (УПАКОВКА 2ШТ)",294.76,3425
40357,Орбита OT-VNP35 POE коммутатор (4poe+2lan порта),1 387.85,0
12393,"Орбита 4/5SC (1.2V, 1500mAh) аккумулятор (УПАКОВКА 6шт)",376.07,1206
39819,Орбита OT-PCG12 Черный геймпад игровой (Bluetooth) ,933.24,871
40358,Орбита OT-VNP36 POE коммутатор (8poe+2lan порта),2 063.29,0
39822,Орбита OT-PCG12 Синий геймпад игровой (Bluetooth),933.24,359
39820,Орбита OT-PCG12 Белый геймпад игровой (Bluetooth),933.24,959
39821,Орбита OT-PCG12 Красный геймпад игровой (Bluetooth),933.24,405
39838,Орбита OT-PCG16 Черный геймпад игровой (Bluetooth),1 765.76,938
39839,Орбита OT-PCG16 Белый геймпад игровой (Bluetooth),1 765.76,959
40379,Кнопка для звонка Орбита OT-HOC18 Черная,180.18,184
40378,Кнопка для звонка Орбита OT-HOC18 Белая,180.18,352
40377,Кнопка для звонка Орбита OT-HOC19,165.40,1082
34926,Огонек OG-HOM01 Фильтры для увлажнителя воздуха (5 штук),66.53,0
42637,Lucky FF1108-1 портативный эхолот,2 402.40,727
35050,"Орбита OT-AVW47 кабель HDMI-HDMI 1,5м (v2.1)",439.82,1161
35051,Орбита OT-AVW47 кабель HDMI-HDMI 3м (v2.1),532.22,1150
41302,"HOCO HB28 концентратор USB (2*USB, PD60W, HDMI, TF, SD)",1 041.35,187
41654,"HOCO BS49 Черная активная колонка (Bluetooth,FM,10W)",1 670.59,310
38346,"HOCO NS1 Белый сетевой фильтр (4гн, 2*QC3.0,1*PD20W) 1.8м",1 252.02,130
38347,"HOCO NS1 Черный сетевой фильтр (4гн, 2*QC3.0,1*PD20W) 1.8м",1 482.10,0
41365,"HOCO NS2 Черный сетевой фильтр (3гн, 3*USB) 1.8м",890.74,104
41367,"HOCO NS2 Белый сетевой фильтр (3гн, 3*USB) 1.8м",925.85,173
41369,"HOCO NS3 Черная розетка (1гн, 2*QC3.0, 1*PD20W)",780.78,124
41368,"HOCO NS3 Белая розетка (1гн, 2*QC3.0, 1*PD20W)",790.02,169
37967,HOCO UA16 кабель HDMI - TYPE-C (штекер-штекер) 2м,577.50,0
41364,HOCO UA20 конвертер (гнездо HDMI - штекер TYPE-C) 12см,511.90,231
37653,"KEWEISI KWS-02 USB тестер (3.5-7В, 3А)",78.54,543
37654,"KEWEISI KWS-V20 USB тестер (4-20В, 3А)",218.99,2137
37652,"KEWEISI KWS-V21 USB тестер (3.5-20В, 3.3А)",237.47,475
25867,"LiitoKala 18650 аккумулятор (2600mA, 3,7В) (УПАКОВКА 2ШТ)",364.98,830
24217,"LiitoKala Lii-100B ЗУ для аккум. 1 гнездо (18650/26650, USB) ",251.33,772
24218,"LiitoKala Lii-202 ЗУ для аккум. 2 гнезда (18650/26650, USB) ",491.57,276
42658,Mishiu Набор ароматических масел (6шт),429.66,375
39834,Орбита OT-PCG14 Черный геймпад игровой (Bluetooth),1 022.87,0
39833,Орбита OT-PCG14 Черный/Зеленый/Розовый геймпад игровой (Bluetooth),1 179.95,0
39836,Орбита OT-PCG14 Черный/Розовый геймпад игровой (Bluetooth) МЯТАЯ УПАКОВКА ,1 577.27,0
39871,Орбита OT-PCG15 Черный геймпад игровой (Bluetooth),3 840.14,14
39835,Орбита OT-PCG14 Черный/Белый геймпад игровой (Bluetooth),1 577.27,0
37215,Огонек OG-HOG03 Подставка для кружки с подогревом (220В),309.54,2077
42309,"Огонек OG-HOG05 Сенсорный дозатор/диспенсер мыла,антисептика (280мл)",573.80,1720
43009,Огонек OG-HOG06 Черный умный термос с датчиком температуры (500мл),335.41,875
42848,"Огонек OG-HOG07 Нагреватель аквариумный погружной (100Вт, с терморегулятором)",253.18,560
42849,"Огонек OG-HOG07 Нагреватель аквариумный погружной (150Вт, с терморегулятором)",256.87,771
42847,"Огонек OG-HOG07 Нагреватель аквариумный погружной (50Вт, с терморегулятором)",233.77,187
42836,"Огонек OG-HOG08 Фильтр аквариумный (3Вт, 250л, 220В)",266.11,1477
33849,"Огонек OG-HOM01 Черный увлажнитель воздуха (320мл,USB)",349.27,2287
33848,"Огонек OG-HOM01 Розовый увлажнитель воздуха (320мл,USB)",349.27,815
33847,"Огонек OG-HOM01 Белый увлажнитель воздуха (320мл,USB)",349.27,1584
42747,"Огонек OG-HOM03 Белый увлажнитель воздуха (330мл,USB)",768.77,2641
42743,"Огонек OG-HOM04 Белый увлажнитель воздуха (400мл,USB)",508.20,2530
42289,"Огонек OG-HOM05 Черный увлажнитель воздуха (220мл,USB)",304.00,1209
42288,"Огонек OG-HOM05 Белый увлажнитель воздуха (220мл,USB)",304.00,1177
42295,"Огонек OG-HOM06 Черный увлажнитель воздуха (180мл,USB,RGB)",883.34,525
42296,"Огонек OG-HOM06 Белый увлажнитель воздуха (180мл,USB,RGB)",883.34,563
35179,"Огонек OG-LDG09 гирлянда-штора LED Мультицвет (3х3м,300 ламп,USB)",637.56,164
35181,"Огонек OG-LDG09 гирлянда-штора LED Белая холодная (3х3м,300 ламп,USB)",583.97,1014
35180,"Огонек OG-LDG09 гирлянда-штора LED Белая теплая (3х3м,300 ламп,USB)",583.97,937
35193,"Огонек OG-LDG11 гирлянда-штора LED Мультицвет (3х1м,100 ламп,USB)",495.26,189
35194,"Огонек OG-LDG11 гирлянда-штора LED Белая холодная (3х1м,100 ламп,USB)",495.26,541
35192,"Огонек OG-LDG11 гирлянда-штора LED Белая теплая (3х1м,100 ламп,USB)",495.26,385
28409,"Огонек OG-LDG17 гирлянда LED Мультицвет (200 ламп,220В)  МЯТАЯ УПАКОВКА",320.63,811
13728,"Огонек OG-LDL01 набор LED лента RGB 5м (5050,IP65,блок,пульт) ",851.00,1016
34081,"Огонек OG-LDL02  набор LED лента RGB 5м (5050,IP20,блок,пульт) ",755.83,1578
34087,"Огонек OG-LDL03 набор LED лента RGB 10м (IP20,блок,пульт) ",1 141.14,1407
34072,Огонек OG-LDL04 Белая светодиодная лента 1м (датчик движения),305.84,776
34073,Огонек OG-LDL04 Теплый светодиодная лента 1м (датчик движения) ,305.84,754
34075,Огонек OG-LDL05 Белая светодиодная лента 3м (датчик движения) ,509.12,815
34074,Огонек OG-LDL05 Теплый светодиодная лента 3м (датчик движения) ,509.12,768
34056,Огонек OG-LDL09 RGB светодиодная лента 1м (USB),222.68,119
34079,"Огонек OG-LDL11 набор LED лента мультицвет SMD (1м,IP20,блок,пульт) ",347.42,1450
34084,"Огонек OG-LDL12 набор LED лента мультицвет SMD (2м,IP20,блок,пульт) ",380.69,668
34085,"Огонек OG-LDL13 набор LED лента мультицвет SMD (3м,IP20,блок,пульт) ",419.50,836
34080,"Огонек OG-LDL14 набор LED лента мультицвет SMD (5м,IP20,блок,пульт) ",427.81,1764
34083,"Огонек OG-LDL15 набор LED лента мультицвет SMD (2*5м,IP20,блок,пульт) ",712.40,2155
34088,"Огонек OG-LDL16 набор LED лента мультицвет SMD (3*5м,IP20,блок,пульт) ",1 041.35,2224
34089,Огонек OG-LDL17 RGB светодиодная лента 2*0.5м (USB) ,285.52,1251
34090,"Огонек OG-LDL18 RGB светодиодная лента 1м (WI-FI,USB)",707.78,243
35138,"Огонек OG-LDL21 LED контроллер (Wi-Fi,один цвет)",380.69,371
35140,"Огонек OG-LDL22 LED контроллер (Wi-Fi, RGB)",380.69,1324
35141,"Огонек OG-LDL23 LED контроллер (Wi-Fi, RGBW)",418.57,473
35143,"Огонек OG-LDL25 LED контроллер (Wi-Fi, RGB,пульт)",429.66,274
35144,"Огонек OG-LDL26 LED контроллер (Wi-Fi, 2*RGB,пульт)",632.02,378
35146,"Огонек OG-LDL27 LED контроллер (Wi-Fi, 2*RGB,пульт) ",429.66,456
35148,"Огонек OG-LDL29 LED контроллер (Wi-Fi, RGB)",670.82,105
35149,"Огонек OG-LDL30 LED контроллер (Wi-Fi, 2*RGB) ",890.74,159
38438,"Огонек OG-LDL37 Розовая фито-лента USB (0.5м, IP65)",91.48,2687
38439,"Огонек OG-LDL37 Розовая фито-лента USB (1м, IP65)",137.68,0
38440,"Огонек OG-LDL37 Розовая фито-лента USB (2м, IP65)",260.57,0
38441,"Огонек OG-LDL37 Розовая фито-лента USB (3м, IP65)",352.04,0
42395,"Огонек OG-LDL38 Розовая фито-лента USB (4м, IP65)",467.54,0
42396,"Огонек OG-LDL38 Розовая фито-лента USB (5м, IP65)",548.86,0
42188,"Огонек OG-LDL39 LED лента фейерверк RGB (50см*9, IP20)",849.16,284
42701,"Огонек OG-LDL39 LED лента фейерверк RGB (30см*9, IP20)",751.21,457
42184,"Огонек OG-LDL40 LED набор лента RGB 5м (2812,IP20,блок,пульт) ",1 031.18,608
42399,"Огонек OG-LDL40 LED набор лента RGB 2*5м (2812,IP20,блок,пульт) ",1 548.62,352
33870,"Огонек OG-LDP01 Белый холодный лампа аквариумная (6000К, 180 мм)",352.97,726
33871,"Огонек OG-LDP01 Теплый белый лампа аквариумная (3200К, 180 мм)",352.97,170
33872,"Огонек OG-LDP02 Белый холодный лампа аквариумная (6000К, 280 мм)",426.89,1473
33873,"Огонек OG-LDP02 Теплый белый лампа аквариумная (3200К, 280 мм)",426.89,493
33874,"Огонек OG-LDP03 RGB лампа аквариумная (пульт,180 мм)",596.90,465
33875,"Огонек OG-LDP04 RGB лампа аквариумная (пульт, 280 мм)",633.86,678
34121,Огонек OG-LDP05 лампа УФ+Озон бактерицидная (8Вт),411.18,0
34122,Огонек OG-LDP06 лампа УФ бактерицидная ручная (3Вт),540.54,1782
35064,Огонек OG-LDP07 Фито-лампа для растений штатив (40Вт),1 604.99,3510
39679,"Огонек OG-LDP09 Светодиодный светильник (77LED, IP65)",500.81,1466
39675,"Огонек OG-LDP10 Светодиодный светильник (40LED, IP65)",258.72,633
39614,"Огонек OG-LDP11 Светодиодный угловой светильник RGB (52см,USB)",1 266.80,287
39616,"Огонек OG-LDP11 Светодиодный угловой светильник RGB (102см,USB)",1 839.68,33
39617,"Огонек OG-LDP11 Светодиодный угловой светильник RGB (152см,USB)",2 299.84,0
39604,"Огонек OG-LDP12 Подсветка для зеркала (10шт,USB)",500.81,1057
39606,"Огонек OG-LDP13 Подсветка для зеркала (5шт,USB)",528.53,796
40784,Огонек OG-LDP14 лампа УФ+Озон бактерицидная (15Вт),616.31,0
42177,"Огонек OG-LDP18 Светильник настольный RGB (2*25см, USB)",876.88,272
42204,"Огонек OG-LDP19 Лампа аквариумная RGB (1 штука, APP, пульт)",868.56,0
42205,"Огонек OG-LDP19 Лампа аквариумная RGB (2 штуки, APP, пульт)",1 240.93,0
42763,"Огонек OG-LDP21 Белый ночник детский (аккум, 0.4Вт)",307.69,2464
42765,Огонек OG-LDP22 Светодиодный светильник (датчик движения),307.69,2528
42315,"Огонек OG-LDP23 Солевой светильник (RGB, USB)",545.16,0
42323,Огонек OG-LDP24 Светодиодный светильник уличный RGB (Wi-Fi) ,1 278.82,595
42842,"Огонек OG-LDP25 Холодный белый лампа для аквариума (10Вт, 220В)",397.32,0
42843,"Огонек OG-LDP25 Теплый белый лампа для аквариума (10Вт, 220В)",338.18,888
42859,"Огонек OG-LDP26 Холодный белый лампа для аквариума (20Вт, 220В)",425.04,1198
42858,"Огонек OG-LDP26 Теплый белый лампа для аквариума (20Вт, 220В)",425.04,799
42855,"Огонек OG-LDP27 Лампа для аквариума с насосом (RGB, 220В, пузырьки)",865.79,452
42861,"Огонек OG-LDP28 Лампа для аквариума (RGB,3Вт, 220В)",218.06,3271
33943,Огонек OG-LDS05 Черная световая установка,525.76,670
28322,Огонек OG-LDS06 Черная световая установка,715.18,667
28316,Огонек OG-LDS14 световая установка ,670.82,1092
28321,Огонек OG-LDS16 световая установка ,418.57,3979
35130,Огонек OG-LDS20 световая установка (лазер+LED),1 656.73,907
35133,Огонек OG-LDS21 световая установка,488.80,910
42197,Огонек OG-LDS26 Световая установка (USB),190.34,4078
42198,Огонек OG-LDS27 Световая установка (USB),377.92,1212
37764,Огонек OG-TRD01 Набор посуды походный (3 в 1),1 222.45,4126
7232,"Орбита OT-APB19 Черный адаптер питания (5B, 2500mA, 5.5mm, 1м)",124.74,2138
37223,"Орбита OT-APB19 Белый адаптер питания (5B, 2500mA, 5.5mm, 1м)",133.98,636
25784,"Орбита OT-APB32 Черный адаптер питания (12B, 2000mA, 5.5mm)",159.85,997
37222,"Орбита OT-APB32 Белый адаптер питания (12B, 2000mA, 5.5mm)",172.79,0
15846,"Орбита OT-APB33 адаптер питания (5B, 2000mA, 3.5mm 1м)",123.82,1888
14498,"Орбита OT-APB37 Черный адаптер питания (12В, 5000мА, 5.5мм)",340.03,733
37224,"Орбита OT-APB37 Белый адаптер питания (12В, 5000мА, 5.5мм)",406.56,0
8174,"Орбита OT-APB41 Черный адаптер питания (12B, 3000mA, 5.5mm)",185.72,563
37219,"Орбита OT-APB41 Белый адаптер питания (12B, 3000mA, 5.5mm)",236.54,0
7000,"Орбита OT-APB42 Черный адаптер питания (12B, 1000mA, 5.5mm)",110.88,1323
37221,"Орбита OT-APB42 Белый адаптер питания (12B, 1000mA, 5.5mm)",123.82,3060
8173,"Орбита OT-APB43 Черный адаптер питания (12В, 1000mA, 5,5mm)",105.34,2019
37225,"Орбита OT-APB43 Белый адаптер питания (12В, 1000mA, 5,5mm)",112.73,1709
19153,"Орбита OT-APB47 адаптер питания (9B, 1200mA, 5.5*2.1mm, 1м)",121.04,785
19154,"Орбита OT-APB48 адаптер питания (9B, 2000mA, 5.5*2.1mm, 1м)",153.38,202
19158,"Орбита OT-APB51 адаптер питания (9B, 2000mA, 5.5*2.5mm, 1м)",153.38,831
26827,"Орбита OT-APB55 адаптер питания (24В,1200mА,5,5mm)",162.62,2244
21874,"Орбита OT-APB58 адаптер питания (12В, 2000mA, 5,5mm)",170.94,1217
14393,"Орбита OT-APB82 адаптер питания (5В,1000mA, 3,5мм)",91.48,33
11689,"Орбита OT-APB83 адаптер питания (5B, 2000mA, 2.5mm 1м)",124.74,1
7721,"Орбита OT-APB84 адаптер питания (12B, 2000mA, 5.5mm)",175.56,415
39284,"Орбита OT-APB89 адаптер питания (9B, 2000mA, 4.0mm, 1.2м) ",165.40,0
24215,"Орбита OT-APZ02 ЗУ для аккум. 2 гнезда (18650, USB)",206.05,0
24216,"Орбита OT-APZ03 ЗУ для аккум. 4 гнезда (18650, USB)",199.58,1337
10794,"Орбита OT-APZ07 ЗУ для аккум 2 гнезда (18650/26650, 220В)",148.76,2211
34516,"Орбита OT-APZ08 ЗУ для аккум 1 гнездо (18650, 220В)",157.08,2497
37163,"Орбита OT-APZ09 ЗУ для аккум 1 гнездо (18650,USB)",67.45,2112
37165,"Орбита OT-APZ10 ЗУ для аккум 3 гнезда (18650, 220В) ",199.58,622
37166,"Орбита OT-APZ11 ЗУ для аккум 4 гнзда (18650, 220В)",257.80,94
37167,"Орбита OT-APZ12 ЗУ для аккум 6 гнезд (18650, 220В)",277.20,1020
37168,"Орбита OT-APZ13 ЗУ для аккум 2 гнезда (18650, 220В)",258.72,32
37169,"Орбита OT-APZ14 ЗУ для аккум 4 гнезда (18650, 220В)",415.80,413
37170,"Орбита OT-APZ15 ЗУ для аккум 1 гнездо (18650, 220В)",218.99,2801
37172,"Орбита OT-APZ16 ЗУ для аккум 2 гнезда (18650, 220В)",326.17,2669
37173,"Орбита OT-APZ17 ЗУ для аккум 4 гнезда (18650, 220В) ",622.78,124
38898,Орбита OT-AVW50 HDMI сплиттер (1 вход HDMI - 2 выхода HDMI),267.96,2061
34707,Орбита OT-AVW51 переходник HDMI2AV (гнездо HDMI вход - гнезда 3*RCA),205.13,2379
38896,Орбита OT-AVW52 переходник AV2HDMI (гнездо HDMI выход - гнезда 3*RCA),335.41,2333
38895,Орбита OT-AVW53 переходник (штекер Lightning - гнездо HDMI/Lightning) 15 см,496.19,894
38890,Орбита OT-AVW54 переходник (штекер TYPE-C - гнездо HDMI) 15см,327.10,3886
43012,Орбита OT-AVW59 кабель штекер DISPLAY PORT - штекер DISPLAY PORT 1м (v1.4),316.93,11
43013,Орбита OT-AVW59 кабель штекер DISPLAY PORT - штекер DISPLAY PORT 3м (v1.4),470.32,0
43014,Орбита OT-AVW59 кабель штекер DISPLAY PORT - штекер DISPLAY PORT 5м (v1.4),770.62,103
42330,"Орбита OT-CLT08 Черные часы настольные проекционные (будильник, температура, дата)",609.84,875
42329,"Орбита OT-CLT08 Белые часы настольные проекционные (будильник, температура, дата)",609.84,1
21540,Орбита OT-DVC17 пульт ТВ универсальный (LCD/LED Samsung),159.85,940
9006,Орбита OT-DVC18 пульт ТВ универсальный (LCD/LED Samsung),120.12,1815
27281,Орбита OT-DVC21 пульт ТВ универсальный (LCD/LED Philips),164.47,138
21535,Орбита OT-DVC24 пульт ТВ универсальный (LCD/LED Philips),133.06,1757
38477,Орбита OT-DVC27 пульт универсальный для кондиционеров,148.76,825
37527,"Орбита OT-DVC33/41 пульт универсальный (USB, гироскоп, голос)",510.97,54
37534,"Орбита OT-DVC36 пульт универсальный (USB, гироскоп, голос)",476.78,311
10588,"Орбита OT-GSM08 антенна GSM (806-2700Мгц, 7дБ)",479.56,86
10587,"Орбита OT-GSM09 антенна GSM (800-2700Мгц, 5дБ)",283.67,0
24201,"Орбита OT-GSM11 антенна GSM (700-2700Мгц, 5дБ)",464.77,0
36554,"Орбита OT-HOC18 Черный Звонок дистанц (220В, 200м)",666.20,2195
36555,"Орбита OT-HOC18 Белый Звонок дистанц (220В, 200м)",666.20,1875
36553,"Орбита OT-HOC19 Звонок дистанц (220В, 200м)",429.66,7413
42670,"Орбита OT-HOC20 Черный Звонок дистанц (220В, 200м)",607.07,2173
42669,"Орбита OT-HOC20 Белый Звонок дистанц (220В, 200м)",607.07,2268
42687,Орбита OT-HOD20 кронштейн-подставка (30*12.5см),221.76,2013
42671,"Орбита OT-HOC21 Звонок дистанц (220В, 200м)",544.24,3169
25018,Орбита OT-HOM09 термометр для аквариума на присоске,145.99,5700
15674,Орбита OT-HOM10 термометр цифровой,74.84,21063
29296,Орбита OT-HOM17(TA328) термометр гигрометр,300.30,1909
13057,Орбита OT-HOM22 Белый таймер-секундомер,118.27,5590
35060,Орбита OT-HOM22 Голубой таймер-секундомер,118.27,3571
35061,Орбита OT-HOM22 Зеленый таймер-секундомер ,118.27,4528
42706,Орбита OT-HOM26 термометр гигрометр цифровой,159.85,2696
42709,Орбита OT-HOM27 термометр цифровой для холодильника,319.70,979
36797,"Орбита OT-HOS01 Пульт ДУ для световых приборов (1 канал, 220В)",199.58,2808
36799,"Орбита OT-HOS02 Пульт ДУ для световых приборов (2 канала, 220В) ",236.54,2776
36801,"Орбита OT-HOS03 Пульт ДУ для световых приборов (3 канала, 220В) ",257.80,2840
36803,"Орбита OT-HOS04 Пульт ДУ для световых приборов (4 канала, 220В) ",289.21,2017
37642,"Орбита OT-HOS05 Радиоуправляемое реле с пультом (1 канал,12/24В)",526.68,1071
37646,Орбита OT-HOS06 Умный ИК-пульт (Wi-Fi),520.21,174
38568,"Орбита OT-HOS07 Умная розетка (1 гнездо,16А,Wi-Fi)",529.45,683
38593,"Орбита OT-HOS08 Умная розетка (1 гнездо,16А,ZigBee 3.0)",740.12,503
38594,"Орбита OT-HOS09 Умное реле (1 канал,10А, Wi-Fi)",306.77,2677
38570,"Орбита OT-HOS10 Умная лампочка (E27,9Вт, Wi-Fi)",406.56,1209
38578,"Орбита OT-HOS11 Умный сетевой фильтр 1.8м (4*гн,4*USB, Wi-Fi)",1 594.82,184
38567,"Орбита OT-HOS12 Умный выключатель (2кн, Wi-Fi, сенсор)",999.77,133
40243,"Орбита OT-HOS12 Умный выключатель (1кн, Wi-Fi, сенсор)",959.11,189
38580,"Орбита OT-HOS13 Умная гирлянда 10м (пульт ДУ, Wi-Fi)",1 215.98,0
40241,"Орбита OT-HOS13 Умная гирлянда 20м (пульт ДУ, Wi-Fi)",1 153.15,621
38579,"Орбита OT-HOS13 Умная гирлянда 5м (пульт ДУ, Wi-Fi)",975.74,0
40242,"Орбита OT-HOS14 Умная лампочка (E14,4Вт, Wi-Fi)",473.09,689
40239,"Орбита OT-HOS15 Умная розетка (1 гнездо,16А,Wi-Fi, 2*USB)",1 143.91,280
40058,"Орбита OT-HOS16 Умная лампочка (E27,10Вт, Wi-Fi,Bluetooth)",393.62,1957
35020,"Орбита OT-HOW05 весы портативные эл. 500гр точность 0,01гр",217.14,935
35030,Орбита OT-HOW07 весы-ложка кухонные 500гр точность 0.1гр,335.41,2479
35032,Орбита OT-HOW08 весы кухонные настольные 5кг точность 0.1гр,483.25,1487
35034,Орбита OT-HOW09 безмен для багажа 50 кг точность 10г,308.62,2365
16934,"Орбита OT-INL01 держатель ""Третья рука""",296.60,963
12847,"Орбита OT-INL60 держатель ""Третья рука""",369.60,317
42648,Орбита OT-INL82 лупа настольная,1 174.40,465
18565,"Орбита OT-INM02 штангенциркуль электронный (150мм, металл)",636.64,1382
18566,"Орбита OT-INM03 штангенциркуль электронный (100мм, металл)",748.44,384
21949,"Орбита OT-INM05 штангенциркуль электронный (150мм, пластик)",308.62,1295
29912,Орбита OT-INM16(MD812) влагомер цифровой,624.62,991
30202,Орбита OT-PCB13 Bluetooth адаптер (V5.0),92.40,2008
29932,Орбита OT-INM36 тестер для элементов питания,228.23,581
12185,Орбита OT-PCG07 Геймпад игровой (проводной) ,737.35,715
19501,Орбита OT-PCG11 Геймпад игровой (беспроводной),585.82,125
17742,Орбита OT-PCK03 WI-FI адаптер (300Mbps),196.81,658
28916,Орбита OT-PCK25 WI-FI адаптер (600Mbps),341.88,851
28918,Орбита OT-PCK26 WI-FI адаптер (600Mbps),337.26,1316
28919,Орбита OT-PCK28(WD403) WI-FI адаптер (600Mbps),471.24,60
35168,"Орбита OT-PCM54 коврик для мышки RGB (Черный,30*80 см)",766.00,946
38840,Орбита OT-PCM67 Черная клавиатура + мышь беспроводные (Bluetooth),1 097.71,2034
38841,Орбита OT-PCM67 Белая клавиатура + мышь беспроводные (Bluetooth),1 097.71,1711
40331,"Орбита OT-PCR16 Черный картридер OTG (TF, SD, microUSB, Type-C)",143.22,377
12581,"Орбита OT-RCK01 аккумулятор для рации BL-5/TH-F8/UV-5R (7.4,1800мА)",355.74,1000
38684,Орбита OT-RCK06 антенна к рации складная (144/430MHz),306.77,0
37677,Орбита OT-SMA29 переходник OTG (штекер USB 3.0 - гнездо TYPE-C),78.54,0
32207,Орбита OT-SMH09 трипод (106см),499.88,1076
37848,"Орбита OT-SMH17 палка для селфи, трипод (185-680мм, пульт Bluetooth)",242.09,1443
37851,"Орбита OT-SMH18 палка для селфи, трипод (194-798мм, пульт Bluetooth, LED)",733.66,446
37860,"Орбита OT-SMH20 палка для селфи, трипод (194-1045мм, пульт Bluetooth, LED)",426.89,1790
37861,"Орбита OT-SMH21 палка для селфи, трипод (194-1010мм, пульт Bluetooth)",291.06,2439
33647,Орбита OT-SPF10 активная напольная акустика,924.00,774
37865,"Орбита OT-SMH22 палка для селфи, трипод (198-740мм, пульт Bluetooth, LED)",474.01,798
37879,"Орбита OT-TYT03 Черный калькулятор-планшет графический (6.5"")",810.35,49
10531,Орбита OT-VNP06 металлодетектор ручной,679.14,2113
7111,Орбита OT-VNP11 муляж видеокамеры,222.68,2192
10216,Орбита OT-VNP12 муляж видеокамеры,380.69,1356
31645,Орбита OT-VNP18 металлодетектор ручной,1 056.13,1258
31646,Орбита OT-VNP19 металлодетектор ручной,750.29,2378
32717,Орбита OT-VNP20 Черный муляж видеокамеры МЯТАЯ УПАКОВКА,474.01,630
32716,Орбита OT-VNP20 Серебро муляж видеокамеры,474.01,1470
32721,Орбита OT-VNP21 Белый муляж видеокамеры ,431.51,1460
32719,Орбита OT-VNP22 Черный муляж видеокамеры,159.85,1359
32718,Орбита OT-VNP22 Белый муляж видеокамеры,159.85,354
38316,"Орбита OT-VNP27 POE сплиттер пассивный (12В, 2А)",267.96,4179
7360,"Орбита OT-VNP28 POE сплиттер пассивный (12В, 2А)",140.45,193
37896,Орбита OT-VNS07 дубликатор домофонных ключей,464.77,2289
37542,Орбита OT-VNW08 видеошнур (RJ-45+DC 5.5*2.5мм) 10м,285.52,0
37543,Орбита OT-VNW08 видеошнур (RJ-45+DC 5.5*2.5мм) 20м,441.67,0
37541,Орбита OT-VNW08 видеошнур (RJ-45+DC 5.5*2.5мм) 5м,241.16,472
37546,Орбита OT-VNW09 удлинитель для камеры (штекер-гнездо 5.5*2.5мм) 10м,147.84,0
37544,Орбита OT-VNW09 удлинитель для камеры (штекер-гнездо 5.5*2.5мм) 3м,77.62,0
37545,Орбита OT-VNW09 удлинитель для камеры (штекер-гнездо 5.5*2.5мм) 5м,94.25,0
32070,Орбита OT-PCG02 Золотой геймпад игровой (Bluetooth) ,528.53,1001
39827,Орбита OT-PCG13 Черный геймпад игровой (проводной),644.03,1164
39826,Орбита OT-PCG13 Синий геймпад игровой (проводной),644.03,506
39825,Орбита OT-PCG13 Красный геймпад игровой (проводной),644.03,420
39824,Орбита OT-PCG13 Белый геймпад игровой (проводной),644.03,330
39840,Орбита OT-PCG17 Черный геймпад игровой (проводной) ,1 333.33,414
39841,Орбита OT-PCG17 Белый геймпад игровой (проводной),1 333.33,486
12183,Орбита OT-PCG02 Черный геймпад игровой (Bluetooth) ,516.52,1556
32074,Орбита OT-PCG02 Синий геймпад игровой (Bluetooth) ,516.52,921
32071,Орбита OT-PCG02 Красный геймпад игровой (Bluetooth),516.52,545
32073,Орбита OT-PCG02 Серебро геймпад игровой (Bluetooth),528.53,1078
32069,Орбита OT-PCG02 Белый геймпад игровой (Bluetooth),516.52,899
36963,"Патриот PT-FLB01 фонарь велосипедный (1L, аккум)",485.10,121
36965,"Патриот PT-FLB02 фонарь велосипедный (2L, аккум)",517.44,0
29176,Патриот PT-TRS01 набор для выживания ,427.81,1607
29177,Патриот PT-TRS02 набор для выживания,882.42,498
29178,Патриот PT-TRS03 набор для выживания,679.14,346
31949,Патриот PT-TRS04 набор для выживания ,1 108.80,620
31956,Патриот PT-TRS09 набор для выживания ,1 030.26,404
29644,SANDA 771 часы наручные ,432.43,13
18640,Skmei 0931 часы наручные ,691.15,33
18770,Skmei 1025-1 часы наручные ,521.14,3
18638,Skmei 1213 часы наручные ,541.46,248
18631,Skmei 1219 часы наручные ,541.46,31
18642,Skmei 1243 часы наручные ,541.46,26
24883,Skmei 1370 Золото часы наручные ,795.56,54
38900,Skmei 1756 Синие часы наручные ,656.96,0
38901,Skmei 1756 Черные часы наручные ,665.28,0
28696,Sonoff DW1 Беспроводной датчик размыкания ,276.28,37
8938,TDS TS-CAA02 активная антенна FM авто (14dB),170.02,651
18033,"TDS TS-CAA37 сканер OBD (OBD2, V1.5, Bluetooth)",288.29,2921
18038,"TDS TS-CAA38 сканер OBD (OBD2, V1.5, Bluetooth)",344.65,2859
18035,"TDS TS-CAA39 сканер OBD (OBD2, V2.1, Bluetooth)",300.30,1804
18037,"TDS TS-CAA40 сканер OBD (OBD2, V2.1, Bluetooth)",313.24,1429
37912,"TDS TS-CAA48 антенна GPS+ГЛОНАСС авто (SMA, 28дБ, 3м)",197.74,660
42834,TDS TS-CAA68 автоподсветка (15LED x4),394.55,2001
43545,"TDS TS-CAD01 Предохранитель для автоакустики (8AGU,12V,60A)",81.31,0
34377,TDS TS-CAF12 модулятор RGB (Bluetooth),403.79,462
39288,TDS TS-CAF15 модулятор RGB (Bluetooth),300.30,418
39292,TDS TS-CAF17 модулятор RGB (Bluetooth),289.21,0
7021,"TDS TS-CAS02 пульт универ. для ворот,шлагб. металл (433 МГц, 27А)",216.22,529
37648,"TDS TS-CAS06 пульт универ. для ворот,шлагб. (433 МГц, 27А)",199.58,502
37469,TDS TS-CAU46 Синий Разветвитель авто (Врезной),277.20,0
37467,TDS TS-CAU46 Зеленый Разветвитель авто (Врезной),255.95,0
37468,TDS TS-CAU46 Красный Разветвитель авто (Врезной),255.95,0
37466,TDS TS-CAU46 Белый Разветвитель авто (Врезной),255.95,0
41801,TDS TS-CAU56 Синий Разветвитель авто (Врезной),375.14,0
41799,TDS TS-CAU56 Зеленый Разветвитель авто (Врезной),375.14,0
41800,TDS TS-CAU56 Красный Разветвитель авто (Врезной),375.14,0
37487,TDS TS-CAU52 Зеленый Разветвитель авто (Врезной),510.97,79
37488,TDS TS-CAU52 Синий Разветвитель авто (Врезной),510.97,66
37486,TDS TS-CAU52 Красный Разветвитель авто (Врезной),510.97,87
37185,"TDS TS-CAV14 Черная камера авто (600ТВЛ, 12В)",508.20,0
37187,"TDS TS-CAV14 Серебро камера авто (600ТВЛ, 12В)",508.20,156
37186,"TDS TS-CAV14 Белая камера авто (600ТВЛ, 12В)",561.79,86
37188,"TDS TS-CAV15 камера авто (600ТВЛ, 12В) ",364.98,57
37191,"TDS TS-CAV16 камера авто (600ТВЛ, 12В)",344.65,187
37192,"TDS TS-CAV17 камера авто (600ТВЛ, 12В) ",364.98,276
37193,"TDS TS-CAV18 камера авто (600ТВЛ, 12В)",462.00,55
37200,"TDS TS-CAV20 камера авто (600ТВЛ, 12В)",319.70,219
42051,"TDS TS-CAV23 камера авто 4 pin (500ТВЛ, 12В)",385.31,997
42053,"TDS TS-CAV24 камера авто 4 pin (600ТВЛ, 12В)",548.86,282
42054,"TDS TS-CAV25 камера авто 4 pin (500ТВЛ, 12В)",388.08,405
42055,"TDS TS-CAV26 камера авто 4 pin (500ТВЛ, 12В)",388.08,0
19772,"UltraFire 18650 (4000mA, 3,7В) аккумулятор с защитой (УПАКОВКА 2ШТ)",349.27,380
19773,"UltraFire 18650 (4600mA, 3,7В) аккумулятор с защитой (УПАКОВКА 2ШТ)",410.26,718
37716,"Baofeng ЗУ для рации, стакан (UV-5R, USB)",202.36,0
21502,Орбита OT-PCK23 пигтейл (SMA-female-TS9) (УПАКОВКА 10шт),922.15,14
21499,Орбита OT-PCK13 пигтейл (F-female-CRC9) (УПАКОВКА 10шт),898.13,555
21501,Орбита OT-PCK24 пигтейл (SMA-female угловой-CRC9) (УПАКОВКА 10шт),922.15,224
31641,"Орбита 16340 (1200mA, 3.7В) аккумулятор (УПАКОВКА 10ШТ)",569.18,405
21498,Орбита OT-PCK12 пигтейл (SMA-female-CRC9) (УПАКОВКА 10шт),884.27,75
21496,Орбита OT-PCK14 пигтейл (F-female-TS9-male) (УПАКОВКА 10шт),850.08,60
42224,"Огонек OG-LDL41 LED контроллер DC 5-24В (Bluetooth, RGB)",105.34,548
42229,"Огонек OG-LDL42 LED контроллер DC 5-24В (Bluetooth, RGB)",145.07,729
42234,"Огонек OG-LDL43 LED контроллер DC 5-24В (Bluetooth, RGB)",115.50,287
42238,"Огонек OG-LDL44 LED контроллер DC 5-24В (Bluetooth, RGB)",145.07,421
42227,Огонек Пульт ДУ для OG-LDL41,89.63,855
42233,Огонек Пульт ДУ для OG-LDL42,97.02,912
42237,Огонек Пульт ДУ для OG-LDL43,83.16,742
42242,Огонек Пульт ДУ для OG-LDL44,97.02,865
37718,"Baofeng ЗУ для рации, стакан (UV-5R, 220V) (УПАКОВКА 5ШТ)",1 244.63,200
26219,Орбита OT-ERB08 наушники - гарнитура (bluetooth),298.45,1636
35161,Орбита OT-SMH16 платформа для 3D съемки (180мм),218.99,299
31772,"NB F80 кронштейн настольный для LCD/LED (17-30"")",2 420.88,24
